UTC Timestamp (Interval Ending),Local Timestamp Central Time (Interval Beginning),Local Timestamp Central Time (Interval Ending),Local Date,Hour Number,SystemTotal Forecast Load (MW),Houston Forecast Load (MW),North Forecast Load (MW),South Forecast Load (MW),West Forecast Load (MW)
6/1/2025 6:00,6/1/2025 0:00,6/1/2025 1:00,6/1/2025,1,51980.57019,13616.13393,15679.5524,13657.93171,9026.952151
6/1/2025 7:00,6/1/2025 1:00,6/1/2025 2:00,6/1/2025,2,49517.12952,13000.3391,14741.20791,12864.7862,8910.796306
6/1/2025 8:00,6/1/2025 2:00,6/1/2025 3:00,6/1/2025,3,47600.71021,12541.44525,14003.86584,12284.45969,8770.939427
6/1/2025 9:00,6/1/2025 3:00,6/1/2025 4:00,6/1/2025,4,45982.83008,12165.72664,13415.44564,11777.10445,8624.553354
6/1/2025 10:00,6/1/2025 4:00,6/1/2025 5:00,6/1/2025,5,44789.40906,11897.35161,13000.71592,11365.82937,8525.512155
6/1/2025 11:00,6/1/2025 5:00,6/1/2025 6:00,6/1/2025,6,44156.51917,11751.36968,12799.29614,11148.71708,8457.136264
6/1/2025 12:00,6/1/2025 6:00,6/1/2025 7:00,6/1/2025,7,43682.18012,11592.2461,12725.25888,10992.8917,8371.783436
6/1/2025 13:00,6/1/2025 7:00,6/1/2025 8:00,6/1/2025,8,44456.90967,11756.63755,13176.79497,11112.80895,8410.668202
6/1/2025 14:00,6/1/2025 8:00,6/1/2025 9:00,6/1/2025,9,48159.47961,12661.5615,14343.84491,11960.62108,9193.452118
6/1/2025 15:00,6/1/2025 9:00,6/1/2025 10:00,6/1/2025,10,52375.25891,13767.66656,15605.46878,13099.44167,9902.681898
6/1/2025 16:00,6/1/2025 10:00,6/1/2025 11:00,6/1/2025,11,55974.04028,14908.29614,16802.46378,14225.18747,10038.0929
6/1/2025 17:00,6/1/2025 11:00,6/1/2025 12:00,6/1/2025,12,59439.77014,15926.8308,18001.34117,15386.2128,10125.38536
6/1/2025 18:00,6/1/2025 12:00,6/1/2025 13:00,6/1/2025,13,62537.86926,16741.65942,19161.8759,16443.0836,10191.25034
6/1/2025 19:00,6/1/2025 13:00,6/1/2025 14:00,6/1/2025,14,65313.8197,17388.96501,20216.74002,17343.28931,10364.82537
6/1/2025 20:00,6/1/2025 14:00,6/1/2025 15:00,6/1/2025,15,67629.11035,18009.25557,21132.02842,18108.50794,10379.31843
6/1/2025 21:00,6/1/2025 15:00,6/1/2025 16:00,6/1/2025,16,69315.56091,18464.44958,21926.40153,18706.72175,10217.98805
6/1/2025 22:00,6/1/2025 16:00,6/1/2025 17:00,6/1/2025,17,70469.47949,18647.71021,22488.67587,19126.83187,10206.26154
6/1/2025 23:00,6/1/2025 17:00,6/1/2025 18:00,6/1/2025,18,70775.88025,18584.27365,22764.55031,19296.57313,10130.48317
6/2/2025 0:00,6/1/2025 18:00,6/1/2025 19:00,6/1/2025,19,69909.97034,18192.36879,22529.15153,19187.7605,10000.68951
6/2/2025 1:00,6/1/2025 19:00,6/1/2025 20:00,6/1/2025,20,67777.33081,17569.14268,21772.47218,18633.88012,9801.835828
6/2/2025 2:00,6/1/2025 20:00,6/1/2025 21:00,6/1/2025,21,65210.37085,16982.93654,20846.95659,17875.09289,9505.384819
6/2/2025 3:00,6/1/2025 21:00,6/1/2025 22:00,6/1/2025,22,63417.02063,16433.52845,20211.3119,17255.68314,9516.497135
6/2/2025 4:00,6/1/2025 22:00,6/1/2025 23:00,6/1/2025,23,60311.59058,15610.54549,18993.71078,16259.85571,9447.478599
6/2/2025 5:00,6/1/2025 23:00,6/2/2025 0:00,6/1/2025,24,56667.08997,14720.21176,17514.40954,15102.12689,9330.341771
6/2/2025 6:00,6/2/2025 0:00,6/2/2025 1:00,6/2/2025,1,53898.8999,13993.33341,16143.09797,14401.82352,9360.645005
6/2/2025 7:00,6/2/2025 1:00,6/2/2025 2:00,6/2/2025,2,51210.12,13392.36303,15078.49091,13484.25585,9255.010203
6/2/2025 8:00,6/2/2025 2:00,6/2/2025 3:00,6/2/2025,3,49239.47986,12982.83086,14316.50829,12793.11201,9147.0287
6/2/2025 9:00,6/2/2025 3:00,6/2/2025 4:00,6/2/2025,4,48005.53992,12735.12904,13871.00149,12355.8918,9043.517589
6/2/2025 10:00,6/2/2025 4:00,6/2/2025 5:00,6/2/2025,5,47516.20972,12681.75645,13772.10147,12107.10186,8955.249935
6/2/2025 11:00,6/2/2025 5:00,6/2/2025 6:00,6/2/2025,6,48090.48987,12903.43769,14093.41476,12227.39577,8866.241649
6/2/2025 12:00,6/2/2025 6:00,6/2/2025 7:00,6/2/2025,7,49223.71973,13137.95391,14665.70748,12545.3363,8874.72204
6/2/2025 13:00,6/2/2025 7:00,6/2/2025 8:00,6/2/2025,8,50655.90942,13514.68369,15335.25187,12924.18808,8881.785787
6/2/2025 14:00,6/2/2025 8:00,6/2/2025 9:00,6/2/2025,9,54239.17993,14482.1237,16448.46588,13793.23527,9515.355073
6/2/2025 15:00,6/2/2025 9:00,6/2/2025 10:00,6/2/2025,10,58363.77954,15664.33731,17699.91776,14913.44615,10086.07832
6/2/2025 16:00,6/2/2025 10:00,6/2/2025 11:00,6/2/2025,11,62354.90051,16821.00236,19060.66734,16148.46806,10324.76276
6/2/2025 17:00,6/2/2025 11:00,6/2/2025 12:00,6/2/2025,12,66209.74121,17905.38439,20451.83173,17417.82568,10434.6994
6/2/2025 18:00,6/2/2025 12:00,6/2/2025 13:00,6/2/2025,13,69612.18811,18704.11117,21830.31948,18570.91674,10506.84072
6/2/2025 19:00,6/2/2025 13:00,6/2/2025 14:00,6/2/2025,14,72717.49097,19465.55241,23107.74925,19519.18863,10625.00069
6/2/2025 20:00,6/2/2025 14:00,6/2/2025 15:00,6/2/2025,15,75002.23962,19967.15779,24088.57759,20198.36965,10748.1346
6/2/2025 21:00,6/2/2025 15:00,6/2/2025 16:00,6/2/2025,16,76088.03821,20221.27676,24786.00893,20527.37686,10553.37566
6/2/2025 22:00,6/2/2025 16:00,6/2/2025 17:00,6/2/2025,17,76360.66846,20072.48537,25220.02696,20674.04887,10394.10727
6/2/2025 23:00,6/2/2025 17:00,6/2/2025 18:00,6/2/2025,18,75545.68933,19495.40042,25240.63318,20594.46282,10215.19291
6/3/2025 0:00,6/2/2025 18:00,6/2/2025 19:00,6/2/2025,19,73564.41992,18650.44646,24806.43756,20196.10612,9911.429787
6/3/2025 1:00,6/2/2025 19:00,6/2/2025 20:00,6/2/2025,20,70657.07922,17788.02446,23854.98684,19376.77971,9637.288211
6/3/2025 2:00,6/2/2025 20:00,6/2/2025 21:00,6/2/2025,21,67801.97888,17102.82161,22818.58062,18498.01384,9382.562815
6/3/2025 3:00,6/2/2025 21:00,6/2/2025 22:00,6/2/2025,22,65575.97046,16521.07264,21999.12393,17727.34503,9328.428858
6/3/2025 4:00,6/2/2025 22:00,6/2/2025 23:00,6/2/2025,23,62122.84961,15712.40454,20588.46403,16589.81472,9232.166319
6/3/2025 5:00,6/2/2025 23:00,6/3/2025 0:00,6/2/2025,24,58348.20032,14853.81578,18952.69302,15348.35439,9193.337125
6/3/2025 6:00,6/3/2025 0:00,6/3/2025 1:00,6/3/2025,1,58183.6499,14647.02999,19101.49977,15239.97701,9195.143132
6/3/2025 7:00,6/3/2025 1:00,6/3/2025 2:00,6/3/2025,2,55931.29016,14187.77366,18099.60707,14517.81189,9126.097535
6/3/2025 8:00,6/3/2025 2:00,6/3/2025 3:00,6/3/2025,3,54324.34021,13802.10869,17356.7566,13995.76654,9169.708382
6/3/2025 9:00,6/3/2025 3:00,6/3/2025 4:00,6/3/2025,4,53127.89966,13659.88221,16726.26728,13637.28725,9104.462916
6/3/2025 10:00,6/3/2025 4:00,6/3/2025 5:00,6/3/2025,5,52575.34973,13533.76,16482.03087,13484.47964,9075.079221
6/3/2025 11:00,6/3/2025 5:00,6/3/2025 6:00,6/3/2025,6,53170.06958,13794.53547,16715.84029,13625.0564,9034.637423
6/3/2025 12:00,6/3/2025 6:00,6/3/2025 7:00,6/3/2025,7,54311.70935,14086.53531,17158.09759,14007.32097,9059.755483
6/3/2025 13:00,6/3/2025 7:00,6/3/2025 8:00,6/3/2025,8,55636.67004,14294.54864,17779.81837,14356.71707,9205.585966
6/3/2025 14:00,6/3/2025 8:00,6/3/2025 9:00,6/3/2025,9,58448.15002,15187.35686,18579.75165,15046.00134,9635.040172
6/3/2025 15:00,6/3/2025 9:00,6/3/2025 10:00,6/3/2025,10,61745.29065,16174.05245,19692.56118,15863.84534,10014.83168
6/3/2025 16:00,6/3/2025 10:00,6/3/2025 11:00,6/3/2025,11,64314.36829,16997.86023,20527.20748,16648.68687,10140.61372
6/3/2025 17:00,6/3/2025 11:00,6/3/2025 12:00,6/3/2025,12,67314.22022,17828.12579,21760.34725,17559.38583,10166.36135
6/3/2025 18:00,6/3/2025 12:00,6/3/2025 13:00,6/3/2025,13,70011.84033,18516.2054,22884.16856,18390.18541,10221.28097
6/3/2025 19:00,6/3/2025 13:00,6/3/2025 14:00,6/3/2025,14,72808.01184,19206.32628,24047.57838,19290.3323,10263.77488
6/3/2025 20:00,6/3/2025 14:00,6/3/2025 15:00,6/3/2025,15,74993.1405,19597.08769,25056.629,20007.91301,10331.5108
6/3/2025 21:00,6/3/2025 15:00,6/3/2025 16:00,6/3/2025,16,76382.49939,19717.13405,25754.08966,20543.90867,10367.36702
6/3/2025 22:00,6/3/2025 16:00,6/3/2025 17:00,6/3/2025,17,76989.17871,19661.82509,26037.68454,20903.08208,10386.58701
6/3/2025 23:00,6/3/2025 17:00,6/3/2025 18:00,6/3/2025,18,76684.8208,19400.08689,25882.38587,21082.06903,10320.27901
6/4/2025 0:00,6/3/2025 18:00,6/3/2025 19:00,6/3/2025,19,75150.85938,18832.81372,25340.62878,20797.48016,10179.93672
6/4/2025 1:00,6/3/2025 19:00,6/3/2025 20:00,6/3/2025,20,72309.9989,18145.00932,24175.79965,20168.04616,9821.143767
6/4/2025 2:00,6/3/2025 20:00,6/3/2025 21:00,6/3/2025,21,69786.06982,17721.94538,23097.21124,19519.69831,9447.214901
6/4/2025 3:00,6/3/2025 21:00,6/3/2025 22:00,6/3/2025,22,68134.23145,17247.37399,22504.38769,18911.04655,9471.423214
6/4/2025 4:00,6/3/2025 22:00,6/3/2025 23:00,6/3/2025,23,64948.78992,16505.27995,21174.26717,17814.89746,9454.345338
6/4/2025 5:00,6/3/2025 23:00,6/4/2025 0:00,6/3/2025,24,61086.23975,15626.34067,19509.99431,16582.8874,9367.017367
6/4/2025 6:00,6/4/2025 0:00,6/4/2025 1:00,6/4/2025,1,56043.56921,14551.30345,17528.21351,14502.7342,9461.318057
6/4/2025 7:00,6/4/2025 1:00,6/4/2025 2:00,6/4/2025,2,53051.61011,13917.84465,16287.30483,13656.22011,9190.240528
6/4/2025 8:00,6/4/2025 2:00,6/4/2025 3:00,6/4/2025,3,50977.27954,13634.46928,15380.48736,13020.76958,8941.553324
6/4/2025 9:00,6/4/2025 3:00,6/4/2025 4:00,6/4/2025,4,49780.43933,13421.60396,14879.91579,12671.00695,8807.912638
6/4/2025 10:00,6/4/2025 4:00,6/4/2025 5:00,6/4/2025,5,49316.70007,13382.21182,14712.46519,12538.2171,8683.805971
6/4/2025 11:00,6/4/2025 5:00,6/4/2025 6:00,6/4/2025,6,49974.25,13679.09085,14970.36234,12723.27951,8601.517305
6/4/2025 12:00,6/4/2025 6:00,6/4/2025 7:00,6/4/2025,7,51277.08008,13982.42992,15540.70103,13137.85678,8616.092347
6/4/2025 13:00,6/4/2025 7:00,6/4/2025 8:00,6/4/2025,8,52541.79956,14303.42887,16091.33552,13487.76918,8659.265994
6/4/2025 14:00,6/4/2025 8:00,6/4/2025 9:00,6/4/2025,9,55006.16968,15013.03965,16770.56562,14060.7965,9161.767909
6/4/2025 15:00,6/4/2025 9:00,6/4/2025 10:00,6/4/2025,10,57913.68921,15918.25314,17550.83841,14750.68564,9693.912018
6/4/2025 16:00,6/4/2025 10:00,6/4/2025 11:00,6/4/2025,11,60560.08044,16840.5313,18316.26794,15562.7338,9840.547399
6/4/2025 17:00,6/4/2025 11:00,6/4/2025 12:00,6/4/2025,12,62919.02966,17671.9682,18997.74141,16392.51572,9856.804345
6/4/2025 18:00,6/4/2025 12:00,6/4/2025 13:00,6/4/2025,13,65067.92041,18406.11479,19645.08327,17149.55232,9867.170031
6/4/2025 19:00,6/4/2025 13:00,6/4/2025 14:00,6/4/2025,14,67061.00049,19103.53902,20222.17309,17781.59377,9953.694607
6/4/2025 20:00,6/4/2025 14:00,6/4/2025 15:00,6/4/2025,15,68574.6488,19619.07298,20668.85773,18252.04463,10034.67346
6/4/2025 21:00,6/4/2025 15:00,6/4/2025 16:00,6/4/2025,16,69627.77991,19897.35335,21008.24004,18595.62338,10126.56314
6/4/2025 22:00,6/4/2025 16:00,6/4/2025 17:00,6/4/2025,17,70126.65064,19898.14515,21293.23418,18827.30281,10107.9685
6/4/2025 23:00,6/4/2025 17:00,6/4/2025 18:00,6/4/2025,18,70087.47913,19680.7933,21386.92731,18874.03638,10145.72214
6/5/2025 0:00,6/4/2025 18:00,6/4/2025 19:00,6/4/2025,19,69198.17041,19123.62979,21211.34364,18839.42902,10023.76797
6/5/2025 1:00,6/4/2025 19:00,6/4/2025 20:00,6/4/2025,20,67279.2898,18542.87135,20670.32953,18386.59312,9679.495786
6/5/2025 2:00,6/4/2025 20:00,6/4/2025 21:00,6/4/2025,21,65166.60059,18006.54662,20050.68734,17801.98733,9307.37929
6/5/2025 3:00,6/4/2025 21:00,6/4/2025 22:00,6/4/2025,22,63445.45923,17420.19772,19508.3477,17226.9778,9289.936019
6/5/2025 4:00,6/4/2025 22:00,6/4/2025 23:00,6/4/2025,23,60384.98035,16507.01209,18447.37878,16232.89078,9197.6987
6/5/2025 5:00,6/4/2025 23:00,6/5/2025 0:00,6/4/2025,24,56967.92017,15578.20865,17133.7324,15121.20005,9134.779061
6/5/2025 6:00,6/5/2025 0:00,6/5/2025 1:00,6/5/2025,1,53629.39966,14302.66676,15904.36333,14353.78651,9068.583055
6/5/2025 7:00,6/5/2025 1:00,6/5/2025 2:00,6/5/2025,2,51067.60046,13696.20026,14902.58169,13515.10083,8953.717685
6/5/2025 8:00,6/5/2025 2:00,6/5/2025 3:00,6/5/2025,3,49262.45984,13263.13111,14217.09784,12894.79747,8887.433425
6/5/2025 9:00,6/5/2025 3:00,6/5/2025 4:00,6/5/2025,4,48019.25012,12978.72001,13761.29484,12475.15342,8804.08185
6/5/2025 10:00,6/5/2025 4:00,6/5/2025 5:00,6/5/2025,5,47502.70007,12894.49871,13666.97518,12227.84528,8713.380909
6/5/2025 11:00,6/5/2025 5:00,6/5/2025 6:00,6/5/2025,6,48139.63025,13141.76626,14004.93184,12358.53129,8634.400862
6/5/2025 12:00,6/5/2025 6:00,6/5/2025 7:00,6/5/2025,7,49566.06995,13406.60805,14691.46025,12750.95227,8717.049379
6/5/2025 13:00,6/5/2025 7:00,6/5/2025 8:00,6/5/2025,8,51019.15064,13796.76379,15349.20552,13112.33974,8760.841595
6/5/2025 14:00,6/5/2025 8:00,6/5/2025 9:00,6/5/2025,9,54150.96936,14754.0752,16289.58452,13887.34626,9219.963375
6/5/2025 15:00,6/5/2025 9:00,6/5/2025 10:00,6/5/2025,10,57744.01025,15904.08648,17274.72152,14843.76264,9721.439613
6/5/2025 16:00,6/5/2025 10:00,6/5/2025 11:00,6/5/2025,11,61271.06079,17034.90408,18323.80615,15886.46557,10025.88499
6/5/2025 17:00,6/5/2025 11:00,6/5/2025 12:00,6/5/2025,12,64694.41126,18078.98298,19450.24473,17000.58415,10164.59939
6/5/2025 18:00,6/5/2025 12:00,6/5/2025 13:00,6/5/2025,13,67864.27124,18918.29875,20619.65231,18105.28109,10221.03909
6/5/2025 19:00,6/5/2025 13:00,6/5/2025 14:00,6/5/2025,14,70973.4209,19727.7442,21754.53973,19083.53058,10407.60639
6/5/2025 20:00,6/5/2025 14:00,6/5/2025 15:00,6/5/2025,15,73292.70056,20263.99065,22679.63614,19809.3309,10539.74288
6/5/2025 21:00,6/5/2025 15:00,6/5/2025 16:00,6/5/2025,16,74566.65088,20506.03709,23389.9175,20227.93354,10442.76276
6/5/2025 22:00,6/5/2025 16:00,6/5/2025 17:00,6/5/2025,17,75037.41089,20393.79563,23794.7311,20478.69116,10370.19299
6/5/2025 23:00,6/5/2025 17:00,6/5/2025 18:00,6/5/2025,18,74519.62036,19887.46054,23917.30485,20450.82936,10264.02561
6/6/2025 0:00,6/5/2025 18:00,6/5/2025 19:00,6/5/2025,19,72958.78101,19146.26303,23705.45576,20105.13007,10001.93214
6/6/2025 1:00,6/5/2025 19:00,6/5/2025 20:00,6/5/2025,20,70586.56946,18424.31361,22950.1447,19412.33165,9799.779504
6/6/2025 2:00,6/5/2025 20:00,6/5/2025 21:00,6/5/2025,21,68049.88989,17805.3432,22165.50855,18583.98173,9495.056413
6/6/2025 3:00,6/5/2025 21:00,6/5/2025 22:00,6/5/2025,22,65981.08923,17202.55645,21501.80849,17870.07672,9406.647573
6/6/2025 4:00,6/5/2025 22:00,6/5/2025 23:00,6/5/2025,23,62762.38123,16369.5582,20275.14133,16808.79531,9308.886388
6/6/2025 5:00,6/5/2025 23:00,6/6/2025 0:00,6/5/2025,24,59137.24951,15475.33974,18757.66848,15613.08693,9291.154362
6/6/2025 6:00,6/6/2025 0:00,6/6/2025 1:00,6/6/2025,1,57138.87024,14673.29334,18011.1142,14985.91973,9468.542971
6/6/2025 7:00,6/6/2025 1:00,6/6/2025 2:00,6/6/2025,2,54394.44959,14014.29181,16920.00725,14093.44129,9366.709235
6/6/2025 8:00,6/6/2025 2:00,6/6/2025 3:00,6/6/2025,3,52390.01013,13563.61056,16130.22543,13448.02328,9248.150861
6/6/2025 9:00,6/6/2025 3:00,6/6/2025 4:00,6/6/2025,4,50949.4502,13242.8802,15590.2039,12969.0009,9147.365197
6/6/2025 10:00,6/6/2025 4:00,6/6/2025 5:00,6/6/2025,5,50268.5398,13108.44618,15397.96216,12659.69421,9102.437254
6/6/2025 11:00,6/6/2025 5:00,6/6/2025 6:00,6/6/2025,6,50679.30005,13287.36053,15651.20314,12705.49383,9035.242545
6/6/2025 12:00,6/6/2025 6:00,6/6/2025 7:00,6/6/2025,7,51616.13977,13469.56962,16121.77265,12983.38854,9041.408962
6/6/2025 13:00,6/6/2025 7:00,6/6/2025 8:00,6/6/2025,8,52984.65979,13820.24921,16731.46615,13324.55376,9108.390679
6/6/2025 14:00,6/6/2025 8:00,6/6/2025 9:00,6/6/2025,9,56431.17029,14812.64365,17879.82936,14179.20808,9559.489192
6/6/2025 15:00,6/6/2025 9:00,6/6/2025 10:00,6/6/2025,10,60453.62964,16057.37368,19243.85128,15176.25383,9976.150843
6/6/2025 16:00,6/6/2025 10:00,6/6/2025 11:00,6/6/2025,11,64338.92896,17293.23026,20658.95678,16249.10502,10137.6369
6/6/2025 17:00,6/6/2025 11:00,6/6/2025 12:00,6/6/2025,12,68126.63904,18456.18585,22015.62547,17400.60191,10254.22581
6/6/2025 18:00,6/6/2025 12:00,6/6/2025 13:00,6/6/2025,13,71539.979,19369.31497,23281.2079,18510.22369,10379.23244
6/6/2025 19:00,6/6/2025 13:00,6/6/2025 14:00,6/6/2025,14,74778.651,20215.75878,24464.79718,19529.56763,10568.5274
6/6/2025 20:00,6/6/2025 14:00,6/6/2025 15:00,6/6/2025,15,77091.9895,20725.83906,25392.35811,20293.96347,10679.82886
6/6/2025 21:00,6/6/2025 15:00,6/6/2025 16:00,6/6/2025,16,78302.68152,20949.53399,25993.32833,20771.74844,10588.07076
6/6/2025 22:00,6/6/2025 16:00,6/6/2025 17:00,6/6/2025,17,78743.72888,20810.41871,26344.01103,21033.39216,10555.90699
6/6/2025 23:00,6/6/2025 17:00,6/6/2025 18:00,6/6/2025,18,78130.54028,20280.31316,26262.73922,21056.82721,10530.66069
6/7/2025 0:00,6/6/2025 18:00,6/6/2025 19:00,6/6/2025,19,76185.27051,19365.51009,25670.44103,20696.92454,10452.39484
6/7/2025 1:00,6/6/2025 19:00,6/6/2025 20:00,6/6/2025,20,73059.401,18382.27231,24553.60325,19861.64757,10261.87786
6/7/2025 2:00,6/6/2025 20:00,6/6/2025 21:00,6/6/2025,21,69771.99023,17624.25934,23362.91296,18853.75639,9931.061547
6/7/2025 3:00,6/6/2025 21:00,6/6/2025 22:00,6/6/2025,22,67634.40869,17036.41552,22628.19892,18149.08759,9820.706661
6/7/2025 4:00,6/6/2025 22:00,6/6/2025 23:00,6/6/2025,23,64797.84094,16312.3996,21518.51931,17247.12011,9719.801917
6/7/2025 5:00,6/6/2025 23:00,6/7/2025 0:00,6/6/2025,24,61479.10889,15547.49702,20117.24295,16212.15042,9602.218502
6/7/2025 6:00,6/7/2025 0:00,6/7/2025 1:00,6/7/2025,1,59489.10022,15282.16371,19330.2538,15315.79186,9560.89085
6/7/2025 7:00,6/7/2025 1:00,6/7/2025 2:00,6/7/2025,2,56643.63013,14636.72286,18162.64652,14396.26612,9447.994629
6/7/2025 8:00,6/7/2025 2:00,6/7/2025 3:00,6/7/2025,3,54462.41016,14127.26389,17303.19322,13685.29081,9346.662237
6/7/2025 9:00,6/7/2025 3:00,6/7/2025 4:00,6/7/2025,4,52654.09985,13709.93567,16616.70229,13108.80141,9218.660492
6/7/2025 10:00,6/7/2025 4:00,6/7/2025 5:00,6/7/2025,5,51379.85974,13427.16338,16151.4381,12661.40121,9139.857058
6/7/2025 11:00,6/7/2025 5:00,6/7/2025 6:00,6/7/2025,6,50754.85022,13326.01574,15912.59157,12433.90124,9082.341665
6/7/2025 12:00,6/7/2025 6:00,6/7/2025 7:00,6/7/2025,7,50275.91968,13237.62223,15723.82494,12309.41432,9005.058188
6/7/2025 13:00,6/7/2025 7:00,6/7/2025 8:00,6/7/2025,8,51137.31006,13538.89721,16047.56426,12504.60065,9046.247936
6/7/2025 14:00,6/7/2025 8:00,6/7/2025 9:00,6/7/2025,9,55102.25012,14648.70144,17394.29799,13486.83865,9572.412044
6/7/2025 15:00,6/7/2025 9:00,6/7/2025 10:00,6/7/2025,10,59671.23035,15967.22068,18974.3256,14727.62455,10002.05952
6/7/2025 16:00,6/7/2025 10:00,6/7/2025 11:00,6/7/2025,11,63809.54883,17181.13487,20484.64219,15928.3717,10215.40007
6/7/2025 17:00,6/7/2025 11:00,6/7/2025 12:00,6/7/2025,12,67791.63123,18268.60389,21961.48702,17186.42134,10375.11898
6/7/2025 18:00,6/7/2025 12:00,6/7/2025 13:00,6/7/2025,13,71283.14014,19070.1766,23304.92762,18388.59193,10519.44399
6/7/2025 19:00,6/7/2025 13:00,6/7/2025 14:00,6/7/2025,14,74280.20068,19739.80005,24490.20322,19405.27083,10644.92659
6/7/2025 20:00,6/7/2025 14:00,6/7/2025 15:00,6/7/2025,15,76676.06934,20224.7241,25524.75942,20269.8893,10656.69651
6/7/2025 21:00,6/7/2025 15:00,6/7/2025 16:00,6/7/2025,16,78203.57068,20500.8612,26314.28088,20841.75205,10546.67655
6/7/2025 22:00,6/7/2025 16:00,6/7/2025 17:00,6/7/2025,17,78892.33984,20423.63021,26823.11148,21177.30093,10468.29723
6/7/2025 23:00,6/7/2025 17:00,6/7/2025 18:00,6/7/2025,18,78441.53931,19966.00271,26884.90966,21178.33279,10412.29415
6/8/2025 0:00,6/7/2025 18:00,6/7/2025 19:00,6/7/2025,19,76751.98035,19249.65074,26453.32453,20728.28041,10320.72466
6/8/2025 1:00,6/7/2025 19:00,6/7/2025 20:00,6/7/2025,20,73814.07019,18339.16121,25432.929,19844.9409,10197.03908
6/8/2025 2:00,6/7/2025 20:00,6/7/2025 21:00,6/7/2025,21,70534.8595,17605.44133,24146.64323,18811.06008,9971.714856
6/8/2025 3:00,6/7/2025 21:00,6/7/2025 22:00,6/7/2025,22,68380.13953,17041.44031,23345.47959,18014.28874,9978.930886
6/8/2025 4:00,6/7/2025 22:00,6/7/2025 23:00,6/7/2025,23,65539.80139,16380.11193,22146.33214,17129.37078,9883.986549
6/8/2025 5:00,6/7/2025 23:00,6/8/2025 0:00,6/7/2025,24,62260.72022,15696.90388,20692.03233,16141.63458,9730.149421
6/8/2025 6:00,6/8/2025 0:00,6/8/2025 1:00,6/8/2025,1,59910.63001,15142.58861,19610.14687,15620.82983,9537.064703
6/8/2025 7:00,6/8/2025 1:00,6/8/2025 2:00,6/8/2025,2,56974.50024,14533.73735,18382.30037,14666.86915,9391.593384
6/8/2025 8:00,6/8/2025 2:00,6/8/2025 3:00,6/8/2025,3,54726.26062,14081.59379,17452.13563,13909.71175,9282.819449
6/8/2025 9:00,6/8/2025 3:00,6/8/2025 4:00,6/8/2025,4,52823.9502,13665.47478,16717.22344,13295.90961,9145.342372
6/8/2025 10:00,6/8/2025 4:00,6/8/2025 5:00,6/8/2025,5,51353.03003,13356.49174,16182.45281,12760.20755,9053.877936
6/8/2025 11:00,6/8/2025 5:00,6/8/2025 6:00,6/8/2025,6,50497.94898,13208.59071,15860.73644,12442.9214,8985.700429
6/8/2025 12:00,6/8/2025 6:00,6/8/2025 7:00,6/8/2025,7,49683.97998,13035.62098,15534.09956,12195.07817,8919.181264
6/8/2025 13:00,6/8/2025 7:00,6/8/2025 8:00,6/8/2025,8,50290.95984,13211.08833,15854.29854,12305.23417,8920.338796
6/8/2025 14:00,6/8/2025 8:00,6/8/2025 9:00,6/8/2025,9,54229.99011,14173.18866,17166.99147,13301.50915,9588.300832
6/8/2025 15:00,6/8/2025 9:00,6/8/2025 10:00,6/8/2025,10,59188.63001,15484.38335,18818.67861,14653.36613,10232.20192
6/8/2025 16:00,6/8/2025 10:00,6/8/2025 11:00,6/8/2025,11,63664.80029,16769.004,20429.22563,15975.62965,10490.94101
6/8/2025 17:00,6/8/2025 11:00,6/8/2025 12:00,6/8/2025,12,68088.70081,17950.78971,22072.44394,17421.17555,10644.29161
6/8/2025 18:00,6/8/2025 12:00,6/8/2025 13:00,6/8/2025,13,72246.38025,18988.28455,23634.81077,18864.67852,10758.60641
6/8/2025 19:00,6/8/2025 13:00,6/8/2025 14:00,6/8/2025,14,75778.81043,19839.00734,25008.20696,20055.7393,10875.85683
6/8/2025 20:00,6/8/2025 14:00,6/8/2025 15:00,6/8/2025,15,78432.15002,20437.51704,26110.5378,21003.46961,10880.62557
6/8/2025 21:00,6/8/2025 15:00,6/8/2025 16:00,6/8/2025,16,79764.99121,20757.60903,26804.0184,21567.52838,10635.8354
6/8/2025 22:00,6/8/2025 16:00,6/8/2025 17:00,6/8/2025,17,80306.16065,20713.62371,27208.20917,21894.62991,10489.69785
6/8/2025 23:00,6/8/2025 17:00,6/8/2025 18:00,6/8/2025,18,79755.50952,20260.26039,27191.23822,21933.72679,10370.28413
6/9/2025 0:00,6/8/2025 18:00,6/8/2025 19:00,6/8/2025,19,78083.76929,19541.29727,26712.62535,21603.12241,10226.72425
6/9/2025 1:00,6/8/2025 19:00,6/8/2025 20:00,6/8/2025,20,75185.95996,18630.7132,25682.31113,20840.73079,10032.20484
6/9/2025 2:00,6/8/2025 20:00,6/8/2025 21:00,6/8/2025,21,72036.76856,17902.59137,24464.12797,19846.33623,9823.712983
6/9/2025 3:00,6/8/2025 21:00,6/8/2025 22:00,6/8/2025,22,69796.21069,17310.38073,23615.7735,19016.95337,9853.103089
6/9/2025 4:00,6/8/2025 22:00,6/8/2025 23:00,6/8/2025,23,66048.12012,16519.10644,21982.84174,17846.99347,9699.178463
6/9/2025 5:00,6/8/2025 23:00,6/9/2025 0:00,6/8/2025,24,61801.72046,15669.19625,20038.5166,16545.17274,9548.834864
6/9/2025 6:00,6/9/2025 0:00,6/9/2025 1:00,6/9/2025,1,57413.96008,14901.39309,17973.98103,15695.46126,8843.124702
6/9/2025 7:00,6/9/2025 1:00,6/9/2025 2:00,6/9/2025,2,54336.75,14241.82675,16662.71997,14627.5584,8804.644881
6/9/2025 8:00,6/9/2025 2:00,6/9/2025 3:00,6/9/2025,3,51983.33008,13783.64264,15653.59066,13788.86988,8757.226898
6/9/2025 9:00,6/9/2025 3:00,6/9/2025 4:00,6/9/2025,4,50669.73987,13516.00934,15210.62162,13268.01311,8675.095801
6/9/2025 10:00,6/9/2025 4:00,6/9/2025 5:00,6/9/2025,5,50108.75012,13452.27645,15063.46702,12966.06827,8626.938393
6/9/2025 11:00,6/9/2025 5:00,6/9/2025 6:00,6/9/2025,6,50638.83936,13681.17471,15310.3325,13056.4514,8590.880744
6/9/2025 12:00,6/9/2025 6:00,6/9/2025 7:00,6/9/2025,7,51668.32971,13889.92364,15860.045,13339.07583,8579.28524
6/9/2025 13:00,6/9/2025 7:00,6/9/2025 8:00,6/9/2025,8,52999.59045,14231.22833,16433.63729,13653.3044,8681.42044
6/9/2025 14:00,6/9/2025 8:00,6/9/2025 9:00,6/9/2025,9,56336.53955,15164.35471,17333.21851,14531.05024,9307.916085
6/9/2025 15:00,6/9/2025 9:00,6/9/2025 10:00,6/9/2025,10,60278.33093,16449.48869,18293.30094,15619.08392,9916.457388
6/9/2025 16:00,6/9/2025 10:00,6/9/2025 11:00,6/9/2025,11,63944.12036,17746.4385,19254.58701,16842.39658,10100.69827
6/9/2025 17:00,6/9/2025 11:00,6/9/2025 12:00,6/9/2025,12,67630.13049,18938.35658,20279.91226,18241.79735,10170.0643
6/9/2025 18:00,6/9/2025 12:00,6/9/2025 13:00,6/9/2025,13,71031.07959,19992.25526,21203.51145,19626.03056,10209.28231
6/9/2025 19:00,6/9/2025 13:00,6/9/2025 14:00,6/9/2025,14,74106.0885,20917.19231,22083.23358,20809.58082,10296.08178
6/9/2025 20:00,6/9/2025 14:00,6/9/2025 15:00,6/9/2025,15,76315.14111,21476.89919,22770.87717,21637.77173,10429.59302
6/9/2025 21:00,6/9/2025 15:00,6/9/2025 16:00,6/9/2025,16,77614.32056,21702.98963,23281.84027,22086.40774,10543.08291
6/9/2025 22:00,6/9/2025 16:00,6/9/2025 17:00,6/9/2025,17,77990.34058,21504.34851,23626.17764,22308.97802,10550.83641
6/9/2025 23:00,6/9/2025 17:00,6/9/2025 18:00,6/9/2025,18,77252.47034,20864.14607,23671.51374,22243.51279,10473.29775
6/10/2025 0:00,6/9/2025 18:00,6/9/2025 19:00,6/9/2025,19,75545.31067,19959.81669,23467.74577,21848.08026,10269.66795
6/10/2025 1:00,6/9/2025 19:00,6/9/2025 20:00,6/9/2025,20,72706.06921,19029.3955,22733.83883,21002.59379,9940.241095
6/10/2025 2:00,6/9/2025 20:00,6/9/2025 21:00,6/9/2025,21,69697.83008,18302.10929,21895.8822,19917.14736,9582.691228
6/10/2025 3:00,6/9/2025 21:00,6/9/2025 22:00,6/9/2025,22,67578.02918,17631.87319,21251.22101,19143.96815,9550.966824
6/10/2025 4:00,6/9/2025 22:00,6/9/2025 23:00,6/9/2025,23,64031.09143,16685.024,19925.4696,17905.7119,9514.885927
6/10/2025 5:00,6/9/2025 23:00,6/10/2025 0:00,6/9/2025,24,59985.15955,15727.15521,18375.92438,16518.10075,9363.979205
6/10/2025 6:00,6/10/2025 0:00,6/10/2025 1:00,6/10/2025,1,53870.13025,13466.34229,16903.11795,14613.72646,8886.943556
6/10/2025 7:00,6/10/2025 1:00,6/10/2025 2:00,6/10/2025,2,51363.05017,13069.47131,15726.7972,13755.20832,8811.573346
6/10/2025 8:00,6/10/2025 2:00,6/10/2025 3:00,6/10/2025,3,49590.52002,12898.4024,14872.03627,13065.98148,8754.099874
6/10/2025 9:00,6/10/2025 3:00,6/10/2025 4:00,6/10/2025,4,48496.58997,12711.0372,14406.18792,12699.30493,8680.059924
6/10/2025 10:00,6/10/2025 4:00,6/10/2025 5:00,6/10/2025,5,48163.56018,12734.67414,14286.9138,12534.61973,8607.352503
6/10/2025 11:00,6/10/2025 5:00,6/10/2025 6:00,6/10/2025,6,48949.17981,13079.29718,14609.05112,12725.81679,8535.014719
6/10/2025 12:00,6/10/2025 6:00,6/10/2025 7:00,6/10/2025,7,50364.98914,13418.33306,15243.60258,13164.78094,8538.272554
6/10/2025 13:00,6/10/2025 7:00,6/10/2025 8:00,6/10/2025,8,51757.12976,13815.0337,15836.58392,13491.68328,8613.828854
6/10/2025 14:00,6/10/2025 8:00,6/10/2025 9:00,6/10/2025,9,54578.43005,14635.33542,16705.61758,14130.36092,9107.116135
6/10/2025 15:00,6/10/2025 9:00,6/10/2025 10:00,6/10/2025,10,57899.49963,15716.58061,17648.56272,14954.48828,9579.868028
6/10/2025 16:00,6/10/2025 10:00,6/10/2025 11:00,6/10/2025,11,60994.26074,16769.00903,18568.46074,15870.67496,9786.116009
6/10/2025 17:00,6/10/2025 11:00,6/10/2025 12:00,6/10/2025,12,63961.82019,17819.49543,19495.48045,16772.39351,9874.450798
6/10/2025 18:00,6/10/2025 12:00,6/10/2025 13:00,6/10/2025,13,66642.81995,18675.18761,20443.03045,17620.54754,9904.054352
6/10/2025 19:00,6/10/2025 13:00,6/10/2025 14:00,6/10/2025,14,69070.32947,19414.94181,21338.90316,18319.61461,9996.869885
6/10/2025 20:00,6/10/2025 14:00,6/10/2025 15:00,6/10/2025,15,70922.09839,19940.73946,22077.87011,18826.68345,10076.80537
6/10/2025 21:00,6/10/2025 15:00,6/10/2025 16:00,6/10/2025,16,71960.92969,20196.41006,22520.1892,19105.75637,10138.57405
6/10/2025 22:00,6/10/2025 16:00,6/10/2025 17:00,6/10/2025,17,72271.47022,20154.19584,22829.11557,19189.60126,10098.55754
6/10/2025 23:00,6/10/2025 17:00,6/10/2025 18:00,6/10/2025,18,71751.96924,19829.19998,22878.34673,19099.75358,9944.668955
6/11/2025 0:00,6/10/2025 18:00,6/10/2025 19:00,6/10/2025,19,70441.23901,19146.08655,22664.34823,19014.47225,9616.33199
6/11/2025 1:00,6/10/2025 19:00,6/10/2025 20:00,6/10/2025,20,68314.87146,18554.27323,22024.13461,18518.59577,9217.867843
6/11/2025 2:00,6/10/2025 20:00,6/10/2025 21:00,6/10/2025,21,66024.44019,17969.66209,21251.89397,17996.28987,8806.594263
6/11/2025 3:00,6/10/2025 21:00,6/10/2025 22:00,6/10/2025,22,64322.96021,17352.49952,20646.15646,17431.25393,8893.0503
6/11/2025 4:00,6/10/2025 22:00,6/10/2025 23:00,6/10/2025,23,60936.53101,16455.72648,19354.78259,16360.12183,8765.900108
6/11/2025 5:00,6/10/2025 23:00,6/11/2025 0:00,6/10/2025,24,57515.34985,15548.94759,17919.24547,15251.99806,8795.158731
6/11/2025 6:00,6/11/2025 0:00,6/11/2025 1:00,6/11/2025,1,54764.15942,14915.40721,16982.79691,14377.26369,8488.691622
6/11/2025 7:00,6/11/2025 1:00,6/11/2025 2:00,6/11/2025,2,52069.38989,14305.85971,15832.86196,13559.98224,8370.685978
6/11/2025 8:00,6/11/2025 2:00,6/11/2025 3:00,6/11/2025,3,50184.11047,13814.06127,15027.68992,12943.57822,8398.781068
6/11/2025 9:00,6/11/2025 3:00,6/11/2025 4:00,6/11/2025,4,49103.03943,13554.81637,14562.88838,12632.84118,8352.493506
6/11/2025 10:00,6/11/2025 4:00,6/11/2025 5:00,6/11/2025,5,48672.2699,13480.69262,14419.63857,12502.45961,8269.479106
6/11/2025 11:00,6/11/2025 5:00,6/11/2025 6:00,6/11/2025,6,49406.73914,13775.90807,14724.54209,12687.67031,8218.618654
6/11/2025 12:00,6/11/2025 6:00,6/11/2025 7:00,6/11/2025,7,50867.99023,14093.90895,15346.50004,13136.75409,8290.827155
6/11/2025 13:00,6/11/2025 7:00,6/11/2025 8:00,6/11/2025,8,52025.39966,14407.31078,15895.85571,13367.6339,8354.599265
6/11/2025 14:00,6/11/2025 8:00,6/11/2025 9:00,6/11/2025,9,54454.44019,15127.94979,16646.0336,13810.94007,8869.516727
6/11/2025 15:00,6/11/2025 9:00,6/11/2025 10:00,6/11/2025,10,57379.26904,16057.62827,17482.01317,14413.61048,9426.017122
6/11/2025 16:00,6/11/2025 10:00,6/11/2025 11:00,6/11/2025,11,60012.3894,16945.69349,18307.87938,15061.00154,9697.814998
6/11/2025 17:00,6/11/2025 11:00,6/11/2025 12:00,6/11/2025,12,62268.93982,17728.71536,19079.25255,15692.52234,9768.449568
6/11/2025 18:00,6/11/2025 12:00,6/11/2025 13:00,6/11/2025,13,64097.77991,18315.61527,19793.74323,16274.60044,9713.820974
6/11/2025 19:00,6/11/2025 13:00,6/11/2025 14:00,6/11/2025,14,65846.68945,18949.54636,20413.23419,16703.56455,9780.344354
6/11/2025 20:00,6/11/2025 14:00,6/11/2025 15:00,6/11/2025,15,66970.67957,19369.90534,20831.00583,16960.63445,9809.13395
6/11/2025 21:00,6/11/2025 15:00,6/11/2025 16:00,6/11/2025,16,67354.83032,19502.29774,20886.76034,17083.7375,9882.034738
6/11/2025 22:00,6/11/2025 16:00,6/11/2025 17:00,6/11/2025,17,66996.36926,19279.14341,20778.92544,17111.43514,9826.86527
6/11/2025 23:00,6/11/2025 17:00,6/11/2025 18:00,6/11/2025,18,66067.88928,18794.47965,20530.72687,17032.36039,9710.322371
6/12/2025 0:00,6/11/2025 18:00,6/11/2025 19:00,6/11/2025,19,64726.22961,18091.41939,20191.21069,17051.63298,9391.966551
6/12/2025 1:00,6/11/2025 19:00,6/11/2025 20:00,6/11/2025,20,62915.58057,17533.69364,19678.09777,16699.50942,9004.279736
6/12/2025 2:00,6/11/2025 20:00,6/11/2025 21:00,6/11/2025,21,61284.50012,17096.20695,19155.6016,16374.95534,8657.736228
6/12/2025 3:00,6/11/2025 21:00,6/11/2025 22:00,6/11/2025,22,59996.4596,16599.33771,18705.06131,15940.96628,8751.094298
6/12/2025 4:00,6/11/2025 22:00,6/11/2025 23:00,6/11/2025,23,57518.09912,15890.93516,17757.85089,15147.91317,8721.399904
6/12/2025 5:00,6/11/2025 23:00,6/12/2025 0:00,6/11/2025,24,54704.04114,15143.43619,16558.19441,14239.71957,8762.690973
6/12/2025 6:00,6/12/2025 0:00,6/12/2025 1:00,6/12/2025,1,51629.62207,14472.92755,14793.59301,13413.58818,8949.51334
6/12/2025 7:00,6/12/2025 1:00,6/12/2025 2:00,6/12/2025,2,49421.85828,13921.82088,13934.68186,12691.38187,8873.973666
6/12/2025 8:00,6/12/2025 2:00,6/12/2025 3:00,6/12/2025,3,47939.13428,13554.50504,13368.02893,12170.63194,8845.968368
6/12/2025 9:00,6/12/2025 3:00,6/12/2025 4:00,6/12/2025,4,46953.79761,13354.84609,12976.75992,11854.65768,8767.533924
6/12/2025 10:00,6/12/2025 4:00,6/12/2025 5:00,6/12/2025,5,46653.28784,13316.02609,12909.53921,11718.61174,8709.110811
6/12/2025 11:00,6/12/2025 5:00,6/12/2025 6:00,6/12/2025,6,47499.37744,13625.32086,13307.89517,11929.63412,8636.527289
6/12/2025 12:00,6/12/2025 6:00,6/12/2025 7:00,6/12/2025,7,49101.17261,13962.26594,14079.87975,12411.47206,8647.554865
6/12/2025 13:00,6/12/2025 7:00,6/12/2025 8:00,6/12/2025,8,50387.70703,14258.44856,14730.91572,12700.67875,8697.664011
6/12/2025 14:00,6/12/2025 8:00,6/12/2025 9:00,6/12/2025,9,52734.47717,14770.32345,15422.72459,13226.63182,9314.797317
6/12/2025 15:00,6/12/2025 9:00,6/12/2025 10:00,6/12/2025,10,55293.52954,15436.35578,16136.9406,13897.75438,9822.478783
6/12/2025 16:00,6/12/2025 10:00,6/12/2025 11:00,6/12/2025,11,57491.23853,16112.50976,16831.62585,14637.98254,9909.120384
6/12/2025 17:00,6/12/2025 11:00,6/12/2025 12:00,6/12/2025,12,59547.30542,16688.231,17551.86823,15387.41913,9919.787068
6/12/2025 18:00,6/12/2025 12:00,6/12/2025 13:00,6/12/2025,13,61652.79456,17240.26767,18294.64426,16125.98419,9991.898433
6/12/2025 19:00,6/12/2025 13:00,6/12/2025 14:00,6/12/2025,14,63564.43213,17740.738,18932.95179,16749.51188,10141.23046
6/12/2025 20:00,6/12/2025 14:00,6/12/2025 15:00,6/12/2025,15,64899.84155,18101.45159,19380.40874,17184.66154,10233.31968
6/12/2025 21:00,6/12/2025 15:00,6/12/2025 16:00,6/12/2025,16,65509.1283,18262.65161,19608.61273,17433.32423,10204.53973
6/12/2025 22:00,6/12/2025 16:00,6/12/2025 17:00,6/12/2025,17,65771.30811,18251.09457,19717.62719,17602.13928,10200.44706
6/12/2025 23:00,6/12/2025 17:00,6/12/2025 18:00,6/12/2025,18,65517.82556,18016.42827,19766.71621,17584.33257,10150.34851
6/13/2025 0:00,6/12/2025 18:00,6/12/2025 19:00,6/12/2025,19,64666.12073,17555.93296,19646.32155,17508.07235,9955.793875
6/13/2025 1:00,6/12/2025 19:00,6/12/2025 20:00,6/12/2025,20,63056.07031,17109.10847,19205.55073,17082.71111,9658.700003
6/13/2025 2:00,6/12/2025 20:00,6/12/2025 21:00,6/12/2025,21,61295.28491,16760.87625,18674.2737,16592.059,9268.075967
6/13/2025 3:00,6/12/2025 21:00,6/12/2025 22:00,6/12/2025,22,59976.02747,16323.75599,18231.91562,16121.0361,9299.319759
6/13/2025 4:00,6/12/2025 22:00,6/12/2025 23:00,6/12/2025,23,57524.87134,15661.42235,17328.90633,15321.74948,9212.793182
6/13/2025 5:00,6/12/2025 23:00,6/13/2025 0:00,6/12/2025,24,54641.84033,14926.45596,16173.75708,14380.15738,9161.469911
6/13/2025 6:00,6/13/2025 0:00,6/13/2025 1:00,6/13/2025,1,52789.34985,14052.13899,15473.78856,13973.76817,9289.654133
6/13/2025 7:00,6/13/2025 1:00,6/13/2025 2:00,6/13/2025,2,50550.17065,13563.61763,14599.18497,13243.85124,9143.51682
6/13/2025 8:00,6/13/2025 2:00,6/13/2025 3:00,6/13/2025,3,49122.03003,13334.83936,14009.92825,12776.44451,9000.817916
6/13/2025 9:00,6/13/2025 3:00,6/13/2025 4:00,6/13/2025,4,48019.24011,13162.1795,13577.29735,12433.47988,8846.283379
6/13/2025 10:00,6/13/2025 4:00,6/13/2025 5:00,6/13/2025,5,47699.59973,13133.07601,13486.87836,12269.42939,8810.215968
6/13/2025 11:00,6/13/2025 5:00,6/13/2025 6:00,6/13/2025,6,48422.42065,13426.2819,13797.08663,12428.19253,8770.859596
6/13/2025 12:00,6/13/2025 6:00,6/13/2025 7:00,6/13/2025,7,49688.59021,13703.86907,14332.44746,12825.67373,8826.599954
6/13/2025 13:00,6/13/2025 7:00,6/13/2025 8:00,6/13/2025,8,51060.77063,13989.81005,14979.674,13191.99623,8899.290348
6/13/2025 14:00,6/13/2025 8:00,6/13/2025 9:00,6/13/2025,9,53968.48132,14682.40923,15976.06978,13903.58067,9406.421652
6/13/2025 15:00,6/13/2025 9:00,6/13/2025 10:00,6/13/2025,10,57314.77051,15567.57701,17092.35906,14784.08274,9870.751697
6/13/2025 16:00,6/13/2025 10:00,6/13/2025 11:00,6/13/2025,11,60685.18945,16495.97196,18260.84926,15775.89089,10152.47735
6/13/2025 17:00,6/13/2025 11:00,6/13/2025 12:00,6/13/2025,12,64098.3103,17382.52114,19631.92599,16772.01958,10311.84359
6/13/2025 18:00,6/13/2025 12:00,6/13/2025 13:00,6/13/2025,13,67464.96997,18168.78271,21117.22912,17747.56405,10431.3941
6/13/2025 19:00,6/13/2025 13:00,6/13/2025 14:00,6/13/2025,14,70581.2312,18872.8215,22495.62844,18619.20859,10593.57267
6/13/2025 20:00,6/13/2025 14:00,6/13/2025 15:00,6/13/2025,15,72843.49146,19352.59388,23599.73884,19275.64592,10615.51281
6/13/2025 21:00,6/13/2025 15:00,6/13/2025 16:00,6/13/2025,16,73937.95996,19508.4455,24336.40792,19634.31316,10458.79338
6/13/2025 22:00,6/13/2025 16:00,6/13/2025 17:00,6/13/2025,17,74294.41089,19412.36057,24742.83464,19763.54977,10375.6659
6/13/2025 23:00,6/13/2025 17:00,6/13/2025 18:00,6/13/2025,18,73815.9801,19136.85701,24684.47737,19696.8618,10297.78392
6/14/2025 0:00,6/13/2025 18:00,6/13/2025 19:00,6/13/2025,19,72260.52954,18543.81407,24053.82076,19505.54327,10157.35143
6/14/2025 1:00,6/13/2025 19:00,6/13/2025 20:00,6/13/2025,20,69843.4408,17928.34774,22963.65152,18867.39718,10084.04436
6/14/2025 2:00,6/13/2025 20:00,6/13/2025 21:00,6/13/2025,21,67160.9696,17357.19034,21869.17999,18099.16149,9835.43778
6/14/2025 3:00,6/13/2025 21:00,6/13/2025 22:00,6/13/2025,22,65289.75952,16828.85947,21143.71397,17513.60222,9803.583864
6/14/2025 4:00,6/13/2025 22:00,6/13/2025 23:00,6/13/2025,23,62613.10925,16120.06927,20132.00948,16639.13684,9721.893672
6/14/2025 5:00,6/13/2025 23:00,6/14/2025 0:00,6/13/2025,24,59464.96008,15354.59528,18849.76991,15666.71822,9593.876681
6/14/2025 6:00,6/14/2025 0:00,6/14/2025 1:00,6/14/2025,1,55339.61035,13490.81868,17852.00758,14574.99989,9421.784202
6/14/2025 7:00,6/14/2025 1:00,6/14/2025 2:00,6/14/2025,2,52824.01086,12947.14193,16697.19396,13856.45846,9323.216525
6/14/2025 8:00,6/14/2025 2:00,6/14/2025 3:00,6/14/2025,3,50726.49976,12530.84459,15864.07802,13201.94567,9129.631478
6/14/2025 9:00,6/14/2025 3:00,6/14/2025 4:00,6/14/2025,4,49205.97961,12234.33052,15203.01027,12726.13431,9042.504519
6/14/2025 10:00,6/14/2025 4:00,6/14/2025 5:00,6/14/2025,5,48377.07092,12090.92324,14879.09202,12402.78808,9004.267585
6/14/2025 11:00,6/14/2025 5:00,6/14/2025 6:00,6/14/2025,6,48094.44031,12122.57693,14742.25688,12272.60471,8957.00179
6/14/2025 12:00,6/14/2025 6:00,6/14/2025 7:00,6/14/2025,7,48010.48999,12133.51427,14653.79797,12289.90651,8933.271247
6/14/2025 13:00,6/14/2025 7:00,6/14/2025 8:00,6/14/2025,8,48997.69006,12473.20288,15015.54024,12561.49995,8947.446995
6/14/2025 14:00,6/14/2025 8:00,6/14/2025 9:00,6/14/2025,9,52349.63049,13206.28194,16214.7446,13418.36517,9510.23879
6/14/2025 15:00,6/14/2025 9:00,6/14/2025 10:00,6/14/2025,10,56329.34998,14101.10917,17723.40291,14435.69145,10069.14644
6/14/2025 16:00,6/14/2025 10:00,6/14/2025 11:00,6/14/2025,11,59733.66992,14992.06806,19069.62553,15399.6967,10272.27964
6/14/2025 17:00,6/14/2025 11:00,6/14/2025 12:00,6/14/2025,12,62940.8501,15713.75208,20442.5087,16322.44781,10462.14151
6/14/2025 18:00,6/14/2025 12:00,6/14/2025 13:00,6/14/2025,13,65597.10864,16163.58666,21727.8379,17126.62042,10579.06367
6/14/2025 19:00,6/14/2025 13:00,6/14/2025 14:00,6/14/2025,14,67898.89099,16502.54388,22758.63719,17838.81835,10798.89157
6/14/2025 20:00,6/14/2025 14:00,6/14/2025 15:00,6/14/2025,15,69637.72937,16754.17411,23610.0239,18405.37896,10868.1524
6/14/2025 21:00,6/14/2025 15:00,6/14/2025 16:00,6/14/2025,16,70707.33032,16939.75524,24217.46956,18820.79843,10729.30709
6/14/2025 22:00,6/14/2025 16:00,6/14/2025 17:00,6/14/2025,17,71166.96875,16990.69593,24515.00659,19007.36823,10653.89801
6/14/2025 23:00,6/14/2025 17:00,6/14/2025 18:00,6/14/2025,18,70891.6991,16822.98705,24409.57743,19017.24269,10641.89193
6/15/2025 0:00,6/14/2025 18:00,6/14/2025 19:00,6/14/2025,19,69649.29981,16623.25623,23843.30563,18760.63869,10422.09926
6/15/2025 1:00,6/14/2025 19:00,6/14/2025 20:00,6/14/2025,20,67750.26831,16208.78038,23024.74563,18208.45634,10308.28597
6/15/2025 2:00,6/14/2025 20:00,6/14/2025 21:00,6/14/2025,21,65478.79968,15863.41614,22065.55397,17568.0761,9981.753482
6/15/2025 3:00,6/14/2025 21:00,6/14/2025 22:00,6/14/2025,22,63999.25,15518.04887,21430.35412,17126.7358,9924.111218
6/15/2025 4:00,6/14/2025 22:00,6/14/2025 23:00,6/14/2025,23,61703.03906,15001.08782,20481.8312,16398.49913,9821.620924
6/15/2025 5:00,6/14/2025 23:00,6/15/2025 0:00,6/14/2025,24,58747.56079,14374.22303,19212.89786,15495.45872,9664.981178
6/15/2025 6:00,6/15/2025 0:00,6/15/2025 1:00,6/15/2025,1,57547.04004,14779.77021,18356.0172,14997.06069,9414.19194
6/15/2025 7:00,6/15/2025 1:00,6/15/2025 2:00,6/15/2025,2,55083.06982,14261.16892,17243.40284,14288.09842,9290.399645
6/15/2025 8:00,6/15/2025 2:00,6/15/2025 3:00,6/15/2025,3,53118.89087,13891.98803,16493.07377,13583.30716,9150.521904
6/15/2025 9:00,6/15/2025 3:00,6/15/2025 4:00,6/15/2025,4,51515.40051,13547.35464,15836.81472,13106.84527,9024.38588
6/15/2025 10:00,6/15/2025 4:00,6/15/2025 5:00,6/15/2025,5,50374.14978,13290.97285,15438.24693,12698.27256,8946.657449
6/15/2025 11:00,6/15/2025 5:00,6/15/2025 6:00,6/15/2025,6,49738.12012,13198.45753,15155.79278,12491.01458,8892.855223
6/15/2025 12:00,6/15/2025 6:00,6/15/2025 7:00,6/15/2025,7,49226.28003,13061.26293,14903.04388,12376.39826,8885.57497
6/15/2025 13:00,6/15/2025 7:00,6/15/2025 8:00,6/15/2025,8,49935.27991,13268.54802,15200.228,12544.79084,8921.713042
6/15/2025 14:00,6/15/2025 8:00,6/15/2025 9:00,6/15/2025,9,53303.64026,14024.65015,16422.14185,13386.58056,9470.267706
6/15/2025 15:00,6/15/2025 9:00,6/15/2025 10:00,6/15/2025,10,57432.49902,14989.59477,17916.02556,14444.20358,10082.67511
6/15/2025 16:00,6/15/2025 10:00,6/15/2025 11:00,6/15/2025,11,60782.69983,15822.49697,19226.16648,15408.29722,10325.73915
6/15/2025 17:00,6/15/2025 11:00,6/15/2025 12:00,6/15/2025,12,63818.1294,16511.57782,20507.35286,16330.58102,10468.6177
6/15/2025 18:00,6/15/2025 12:00,6/15/2025 13:00,6/15/2025,13,66601.28967,17064.3655,21750.47301,17223.65963,10562.79153
6/15/2025 19:00,6/15/2025 13:00,6/15/2025 14:00,6/15/2025,14,68953.25024,17492.57999,22750.3221,17966.85689,10743.49126
6/15/2025 20:00,6/15/2025 14:00,6/15/2025 15:00,6/15/2025,15,70651.23889,17797.00852,23511.80997,18562.51493,10779.90547
6/15/2025 21:00,6/15/2025 15:00,6/15/2025 16:00,6/15/2025,16,71344.22876,17867.26383,23919.80407,18987.12797,10570.03289
6/15/2025 22:00,6/15/2025 16:00,6/15/2025 17:00,6/15/2025,17,71435.53967,17806.8157,24042.67939,19149.89802,10436.14656
6/15/2025 23:00,6/15/2025 17:00,6/15/2025 18:00,6/15/2025,18,71050.8197,17563.31302,23928.31179,19158.07569,10401.1192
6/16/2025 0:00,6/15/2025 18:00,6/15/2025 19:00,6/15/2025,19,69862.66968,17258.01367,23485.64304,18946.70772,10172.30525
6/16/2025 1:00,6/15/2025 19:00,6/15/2025 20:00,6/15/2025,20,68218.22034,16918.46662,22804.1925,18438.64549,10056.91574
6/16/2025 2:00,6/15/2025 20:00,6/15/2025 21:00,6/15/2025,21,66343.18042,16638.99786,22034.30954,17879.50489,9790.36813
6/16/2025 3:00,6/15/2025 21:00,6/15/2025 22:00,6/15/2025,22,64986.63867,16333.13007,21453.31021,17418.59355,9781.604843
6/16/2025 4:00,6/15/2025 22:00,6/15/2025 23:00,6/15/2025,23,62211.94043,15740.95657,20315.37705,16477.44737,9678.159439
6/16/2025 5:00,6/15/2025 23:00,6/16/2025 0:00,6/15/2025,24,58699.32983,15002.3446,18818.17746,15356.02804,9522.779727
6/16/2025 6:00,6/16/2025 0:00,6/16/2025 1:00,6/16/2025,1,56808.71973,14456.95523,17768.98169,15092.93757,9489.845236
6/16/2025 7:00,6/16/2025 1:00,6/16/2025 2:00,6/16/2025,2,54167.40991,13845.1871,16693.36159,14237.73037,9391.130852
6/16/2025 8:00,6/16/2025 2:00,6/16/2025 3:00,6/16/2025,3,52294.46057,13487.78318,15956.66721,13572.1764,9277.833785
6/16/2025 9:00,6/16/2025 3:00,6/16/2025 4:00,6/16/2025,4,51197.88037,13337.55533,15511.81671,13205.28223,9143.226102
6/16/2025 10:00,6/16/2025 4:00,6/16/2025 5:00,6/16/2025,5,50889.05994,13343.56159,15411.71188,13053.07813,9080.708333
6/16/2025 11:00,6/16/2025 5:00,6/16/2025 6:00,6/16/2025,6,51461.00012,13595.31192,15690.7784,13180.04198,8994.867825
6/16/2025 12:00,6/16/2025 6:00,6/16/2025 7:00,6/16/2025,7,52685.13037,13867.95048,16287.26263,13546.62551,8983.291753
6/16/2025 13:00,6/16/2025 7:00,6/16/2025 8:00,6/16/2025,8,54087.31104,14202.42649,16940.80923,13890.47018,9053.605141
6/16/2025 14:00,6/16/2025 8:00,6/16/2025 9:00,6/16/2025,9,57274.28027,14909.06915,18049.48312,14597.44939,9718.278614
6/16/2025 15:00,6/16/2025 9:00,6/16/2025 10:00,6/16/2025,10,60999.75098,15792.26618,19396.55141,15455.21784,10355.71554
6/16/2025 16:00,6/16/2025 10:00,6/16/2025 11:00,6/16/2025,11,64510.88062,16671.93259,20818.25576,16434.68188,10586.01039
6/16/2025 17:00,6/16/2025 11:00,6/16/2025 12:00,6/16/2025,12,67979.03125,17461.76499,22342.63917,17462.99284,10711.63425
6/16/2025 18:00,6/16/2025 12:00,6/16/2025 13:00,6/16/2025,13,71244.40064,18147.30629,23817.74644,18486.44691,10792.901
6/16/2025 19:00,6/16/2025 13:00,6/16/2025 14:00,6/16/2025,14,74185.06848,18781.83663,25135.26271,19409.95095,10858.0182
6/16/2025 20:00,6/16/2025 14:00,6/16/2025 15:00,6/16/2025,15,76281.19873,19250.04365,26126.89073,20092.13839,10812.12597
6/16/2025 21:00,6/16/2025 15:00,6/16/2025 16:00,6/16/2025,16,77273.09985,19466.9208,26676.1328,20519.98986,10610.0564
6/16/2025 22:00,6/16/2025 16:00,6/16/2025 17:00,6/16/2025,17,77638.32153,19411.36137,26923.93843,20749.35554,10553.66618
6/16/2025 23:00,6/16/2025 17:00,6/16/2025 18:00,6/16/2025,18,77230.01807,19141.88403,26801.16523,20794.24753,10492.72128
6/17/2025 0:00,6/16/2025 18:00,6/16/2025 19:00,6/16/2025,19,75986.49023,18602.70882,26346.76554,20675.19662,10361.81926
6/17/2025 1:00,6/16/2025 19:00,6/16/2025 20:00,6/16/2025,20,73781.5802,18065.74299,25374.18243,20135.93626,10205.71852
6/17/2025 2:00,6/16/2025 20:00,6/16/2025 21:00,6/16/2025,21,71178.29944,17590.42095,24252.43728,19359.59403,9975.847177
6/17/2025 3:00,6/16/2025 21:00,6/16/2025 22:00,6/16/2025,22,69117.37927,17037.50512,23356.71805,18670.55627,10052.59984
6/17/2025 4:00,6/16/2025 22:00,6/16/2025 23:00,6/16/2025,23,65758.87085,16198.01925,21994.52761,17524.47464,10041.84935
6/17/2025 5:00,6/16/2025 23:00,6/17/2025 0:00,6/16/2025,24,61928.2395,15307.45964,20390.95779,16291.31129,9938.510778
6/17/2025 6:00,6/17/2025 0:00,6/17/2025 1:00,6/17/2025,1,58014.92981,14561.04622,18585.94445,15071.7797,9796.159441
6/17/2025 7:00,6/17/2025 1:00,6/17/2025 2:00,6/17/2025,2,55423.47961,14016.59182,17520.09846,14242.13196,9644.657377
6/17/2025 8:00,6/17/2025 2:00,6/17/2025 3:00,6/17/2025,3,53454.00024,13663.04185,16740.87029,13571.935,9478.153114
6/17/2025 9:00,6/17/2025 3:00,6/17/2025 4:00,6/17/2025,4,52074.24963,13469.74041,16150.47264,13129.54708,9324.489503
6/17/2025 10:00,6/17/2025 4:00,6/17/2025 5:00,6/17/2025,5,51481.04956,13410.89036,15920.75315,12906.35834,9243.047716
6/17/2025 11:00,6/17/2025 5:00,6/17/2025 6:00,6/17/2025,6,52441.26978,13787.22022,16334.08511,13186.1162,9133.848252
6/17/2025 12:00,6/17/2025 6:00,6/17/2025 7:00,6/17/2025,7,53500.67065,14071.52609,16778.7481,13534.90726,9115.489206
6/17/2025 13:00,6/17/2025 7:00,6/17/2025 8:00,6/17/2025,8,54721.57983,14362.68194,17370.81494,13834.78612,9153.296837
6/17/2025 14:00,6/17/2025 8:00,6/17/2025 9:00,6/17/2025,9,57788.39917,14978.07532,18564.91677,14529.74777,9715.659303
6/17/2025 15:00,6/17/2025 9:00,6/17/2025 10:00,6/17/2025,10,61370.39893,15778.36046,19910.93124,15389.21798,10291.88924
6/17/2025 16:00,6/17/2025 10:00,6/17/2025 11:00,6/17/2025,11,64758.84009,16603.10483,21288.04649,16395.28567,10472.40309
6/17/2025 17:00,6/17/2025 11:00,6/17/2025 12:00,6/17/2025,12,68359.81897,17398.62109,22835.85691,17502.989,10622.35198
6/17/2025 18:00,6/17/2025 12:00,6/17/2025 13:00,6/17/2025,13,71821.83093,18107.83161,24368.67257,18559.33238,10785.99436
6/17/2025 19:00,6/17/2025 13:00,6/17/2025 14:00,6/17/2025,14,74866.91101,18761.98768,25727.02782,19517.25545,10860.64007
6/17/2025 20:00,6/17/2025 14:00,6/17/2025 15:00,6/17/2025,15,76953.77881,19250.7946,26694.58915,20251.82018,10756.57488
6/17/2025 21:00,6/17/2025 15:00,6/17/2025 16:00,6/17/2025,16,77934.64893,19473.9913,27236.37038,20729.76302,10494.52423
6/17/2025 22:00,6/17/2025 16:00,6/17/2025 17:00,6/17/2025,17,78417.14917,19446.14337,27558.65855,21015.64366,10396.7036
6/17/2025 23:00,6/17/2025 17:00,6/17/2025 18:00,6/17/2025,18,78161.05054,19234.53047,27494.1634,21095.17275,10337.18392
6/18/2025 0:00,6/17/2025 18:00,6/17/2025 19:00,6/17/2025,19,76966.70923,18736.17527,27063.5574,20932.84389,10234.13267
6/18/2025 1:00,6/17/2025 19:00,6/17/2025 20:00,6/17/2025,20,74816.72095,18204.7849,26063.20796,20413.18625,10135.54184
6/18/2025 2:00,6/17/2025 20:00,6/17/2025 21:00,6/17/2025,21,72011.62061,17686.38717,24784.48735,19594.10753,9946.638554
6/18/2025 3:00,6/17/2025 21:00,6/17/2025 22:00,6/17/2025,22,69990.6012,17146.11673,23865.01675,18935.08362,10044.38409
6/18/2025 4:00,6/17/2025 22:00,6/17/2025 23:00,6/17/2025,23,66542.01074,16344.97744,22443.75625,17773.70001,9979.577045
6/18/2025 5:00,6/17/2025 23:00,6/18/2025 0:00,6/17/2025,24,62836.04932,15535.237,20875.95192,16560.30667,9864.553723
6/18/2025 6:00,6/18/2025 0:00,6/18/2025 1:00,6/18/2025,1,60542.66968,14850.38037,20605.94113,15483.59906,9602.749117
6/18/2025 7:00,6/18/2025 1:00,6/18/2025 2:00,6/18/2025,2,58061.60059,14435.84426,19480.48381,14699.17469,9446.097828
6/18/2025 8:00,6/18/2025 2:00,6/18/2025 3:00,6/18/2025,3,56210.88928,14111.81223,18605.91713,14170.36419,9322.795736
6/18/2025 9:00,6/18/2025 3:00,6/18/2025 4:00,6/18/2025,4,54897.33984,13962.46392,17877.7382,13802.04633,9255.091395
6/18/2025 10:00,6/18/2025 4:00,6/18/2025 5:00,6/18/2025,5,54166.93933,13826.67127,17528.00004,13615.5669,9196.70112
6/18/2025 11:00,6/18/2025 5:00,6/18/2025 6:00,6/18/2025,6,54480.59021,13979.97381,17648.85109,13689.20898,9162.556326
6/18/2025 12:00,6/18/2025 6:00,6/18/2025 7:00,6/18/2025,7,55394.72986,14307.30261,18008.94451,13959.43636,9119.046377
6/18/2025 13:00,6/18/2025 7:00,6/18/2025 8:00,6/18/2025,8,56888.3103,14726.96009,18605.0747,14312.67169,9243.603826
6/18/2025 14:00,6/18/2025 8:00,6/18/2025 9:00,6/18/2025,9,60243.31958,15632.10933,19761.70419,15110.98212,9738.523943
6/18/2025 15:00,6/18/2025 9:00,6/18/2025 10:00,6/18/2025,10,63762.74988,16561.64328,21215.89457,15907.92143,10077.2906
6/18/2025 16:00,6/18/2025 10:00,6/18/2025 11:00,6/18/2025,11,66652.55969,17281.61523,22513.63032,16737.18771,10120.12643
6/18/2025 17:00,6/18/2025 11:00,6/18/2025 12:00,6/18/2025,12,69707.86023,18091.89105,23888.92839,17581.41552,10145.62527
6/18/2025 18:00,6/18/2025 12:00,6/18/2025 13:00,6/18/2025,13,72254.59961,18684.7758,24986.50856,18376.73591,10206.57934
6/18/2025 19:00,6/18/2025 13:00,6/18/2025 14:00,6/18/2025,14,75092.76074,19334.20738,26253.59035,19255.35705,10249.60597
6/18/2025 20:00,6/18/2025 14:00,6/18/2025 15:00,6/18/2025,15,77053.0603,19712.52943,27245.77278,19893.90406,10200.85403
6/18/2025 21:00,6/18/2025 15:00,6/18/2025 16:00,6/18/2025,16,78300.69946,19879.5497,27933.39834,20389.35918,10098.39223
6/18/2025 22:00,6/18/2025 16:00,6/18/2025 17:00,6/18/2025,17,79184.83936,19946.65161,28482.74331,20711.12099,10044.32345
6/18/2025 23:00,6/18/2025 17:00,6/18/2025 18:00,6/18/2025,18,79212.65991,19752.11465,28540.97447,20900.86005,10018.71075
6/19/2025 0:00,6/18/2025 18:00,6/18/2025 19:00,6/18/2025,19,78054.24854,19209.92616,28066.42715,20785.23607,9992.659149
6/19/2025 1:00,6/18/2025 19:00,6/18/2025 20:00,6/18/2025,20,76030.35864,18507.64714,27367.7156,20227.52762,9927.468292
6/19/2025 2:00,6/18/2025 20:00,6/18/2025 21:00,6/18/2025,21,73616.17981,18023.31095,26417.30477,19424.35216,9751.211928
6/19/2025 3:00,6/18/2025 21:00,6/18/2025 22:00,6/18/2025,22,71678.27905,17440.34119,25599.0622,18818.25127,9820.624391
6/19/2025 4:00,6/18/2025 22:00,6/18/2025 23:00,6/18/2025,23,68283.22107,16659.12679,24116.61519,17748.97839,9758.500702
6/19/2025 5:00,6/18/2025 23:00,6/19/2025 0:00,6/18/2025,24,64341.28943,15826.0963,22281.62483,16596.58146,9636.986843
6/19/2025 6:00,6/19/2025 0:00,6/19/2025 1:00,6/19/2025,1,60196.24023,15150.52639,19900.59015,15507.13667,9637.987019
6/19/2025 7:00,6/19/2025 1:00,6/19/2025 2:00,6/19/2025,2,57530.10938,14638.82613,18737.14783,14723.56708,9430.568345
6/19/2025 8:00,6/19/2025 2:00,6/19/2025 3:00,6/19/2025,3,55553.59033,14158.84171,17937.89112,14148.31325,9308.544258
6/19/2025 9:00,6/19/2025 3:00,6/19/2025 4:00,6/19/2025,4,54286.97974,13903.96405,17399.42891,13713.48649,9270.100287
6/19/2025 10:00,6/19/2025 4:00,6/19/2025 5:00,6/19/2025,5,53575.34082,13715.28199,17173.28518,13476.00622,9210.767431
6/19/2025 11:00,6/19/2025 5:00,6/19/2025 6:00,6/19/2025,6,53816.76941,13858.10836,17307.54257,13478.64277,9172.475719
6/19/2025 12:00,6/19/2025 6:00,6/19/2025 7:00,6/19/2025,7,54448.96069,14083.49679,17534.21581,13657.24427,9174.003825
6/19/2025 13:00,6/19/2025 7:00,6/19/2025 8:00,6/19/2025,8,56108.94946,14493.27685,18172.78253,14066.28439,9376.605695
6/19/2025 14:00,6/19/2025 8:00,6/19/2025 9:00,6/19/2025,9,59796.77966,15567.86267,19401.93065,14969.03467,9857.951676
6/19/2025 15:00,6/19/2025 9:00,6/19/2025 10:00,6/19/2025,10,63694.87012,16665.87776,20967.98317,15873.82803,10187.18115
6/19/2025 16:00,6/19/2025 10:00,6/19/2025 11:00,6/19/2025,11,67169.84009,17568.96727,22524.9325,16894.97502,10180.9653
6/19/2025 17:00,6/19/2025 11:00,6/19/2025 12:00,6/19/2025,12,70606.70886,18486.75301,24095.76206,17843.65518,10180.53862
6/19/2025 18:00,6/19/2025 12:00,6/19/2025 13:00,6/19/2025,13,73570.49036,19253.39366,25484.15875,18639.16912,10193.76883
6/19/2025 19:00,6/19/2025 13:00,6/19/2025 14:00,6/19/2025,14,76362.60889,19841.82289,26907.72103,19373.8368,10239.22817
6/19/2025 20:00,6/19/2025 14:00,6/19/2025 15:00,6/19/2025,15,78067.60889,20104.84149,27877.00511,19896.62424,10189.13804
6/19/2025 21:00,6/19/2025 15:00,6/19/2025 16:00,6/19/2025,16,78635.91943,20054.37582,28358.94246,20120.96272,10101.63844
6/19/2025 22:00,6/19/2025 16:00,6/19/2025 17:00,6/19/2025,17,78769.87866,19987.05847,28597.63546,20179.07978,10006.10495
6/19/2025 23:00,6/19/2025 17:00,6/19/2025 18:00,6/19/2025,18,78426.55957,19677.53276,28535.36302,20211.03654,10002.62725
6/20/2025 0:00,6/19/2025 18:00,6/19/2025 19:00,6/19/2025,19,76940.73023,19101.71318,27915.69225,19931.43276,9991.892037
6/20/2025 1:00,6/19/2025 19:00,6/19/2025 20:00,6/19/2025,20,74763.58911,18446.87187,26934.77922,19463.51036,9918.427669
6/20/2025 2:00,6/19/2025 20:00,6/19/2025 21:00,6/19/2025,21,72414.63062,17895.39019,25917.78753,18799.67431,9801.778575
6/20/2025 3:00,6/19/2025 21:00,6/19/2025 22:00,6/19/2025,22,70706.21143,17421.50789,25136.24909,18286.78196,9861.672487
6/20/2025 4:00,6/19/2025 22:00,6/19/2025 23:00,6/19/2025,23,67522.09937,16695.67671,23687.58175,17339.029,9799.811913
6/20/2025 5:00,6/19/2025 23:00,6/20/2025 0:00,6/19/2025,24,63903.15076,15843.18407,22061.76894,16246.6163,9751.581445
6/20/2025 6:00,6/20/2025 0:00,6/20/2025 1:00,6/20/2025,1,59510.97974,15054.78483,19870.35095,15173.41842,9412.425539
6/20/2025 7:00,6/20/2025 1:00,6/20/2025 2:00,6/20/2025,2,56685.93921,14464.3911,18654.19376,14255.04924,9312.305115
6/20/2025 8:00,6/20/2025 2:00,6/20/2025 3:00,6/20/2025,3,54657.40002,14062.48375,17744.87349,13622.34901,9227.693776
6/20/2025 9:00,6/20/2025 3:00,6/20/2025 4:00,6/20/2025,4,53251.69995,13828.926,17062.03394,13239.96374,9120.776276
6/20/2025 10:00,6/20/2025 4:00,6/20/2025 5:00,6/20/2025,5,52541.71985,13723.58842,16711.30583,13050.82455,9056.001043
6/20/2025 11:00,6/20/2025 5:00,6/20/2025 6:00,6/20/2025,6,52604.01941,13859.63968,16819.49077,12977.16915,8947.719813
6/20/2025 12:00,6/20/2025 6:00,6/20/2025 7:00,6/20/2025,7,53531.53027,14131.23915,17117.59113,13315.63873,8967.061264
6/20/2025 13:00,6/20/2025 7:00,6/20/2025 8:00,6/20/2025,8,54854.52051,14459.7394,17666.9478,13658.6821,9069.151213
6/20/2025 14:00,6/20/2025 8:00,6/20/2025 9:00,6/20/2025,9,58383.33984,15308.58395,18952.67661,14396.78859,9725.290691
6/20/2025 15:00,6/20/2025 9:00,6/20/2025 10:00,6/20/2025,10,62294.45935,16228.77903,20374.10827,15288.31946,10403.25259
6/20/2025 16:00,6/20/2025 10:00,6/20/2025 11:00,6/20/2025,11,65428.78027,17160.68209,21725.91444,16116.45832,10425.72543
6/20/2025 17:00,6/20/2025 11:00,6/20/2025 12:00,6/20/2025,12,68535.43079,17962.5947,23087.61855,17023.64467,10461.57288
6/20/2025 18:00,6/20/2025 12:00,6/20/2025 13:00,6/20/2025,13,71607.98023,18651.23505,24417.00956,17914.28959,10625.44602
6/20/2025 19:00,6/20/2025 13:00,6/20/2025 14:00,6/20/2025,14,74431.08875,19332.08497,25708.10249,18692.59882,10698.30247
6/20/2025 20:00,6/20/2025 14:00,6/20/2025 15:00,6/20/2025,15,76326.59106,19790.67642,26666.65834,19199.61156,10669.64474
6/20/2025 21:00,6/20/2025 15:00,6/20/2025 16:00,6/20/2025,16,76952.23023,19891.24135,27098.5539,19397.52631,10564.90867
6/20/2025 22:00,6/20/2025 16:00,6/20/2025 17:00,6/20/2025,17,76956.1294,19761.84083,27203.0895,19464.28836,10526.91072
6/20/2025 23:00,6/20/2025 17:00,6/20/2025 18:00,6/20/2025,18,76425.18945,19551.19336,26940.70254,19472.84445,10460.44911
6/21/2025 0:00,6/20/2025 18:00,6/20/2025 19:00,6/20/2025,19,75027.75916,19014.90601,26267.6165,19397.10248,10348.13417
6/21/2025 1:00,6/20/2025 19:00,6/20/2025 20:00,6/20/2025,20,72760.51062,18382.29365,25277.24707,18918.80968,10182.16022
6/21/2025 2:00,6/20/2025 20:00,6/20/2025 21:00,6/20/2025,21,70041.03015,17796.20304,24082.58919,18159.22903,10003.0089
6/21/2025 3:00,6/20/2025 21:00,6/20/2025 22:00,6/20/2025,22,68126.61951,17308.67853,23258.44013,17589.89758,9969.603268
6/21/2025 4:00,6/20/2025 22:00,6/20/2025 23:00,6/20/2025,23,65539.47986,16629.19537,22211.37102,16832.30241,9866.611062
6/21/2025 5:00,6/20/2025 23:00,6/21/2025 0:00,6/20/2025,24,62475.82019,15900.8749,20949.80987,15915.99313,9709.142288
6/21/2025 6:00,6/21/2025 0:00,6/21/2025 1:00,6/21/2025,1,60883.02063,15401.43469,20865.3573,14998.87401,9617.354623
6/21/2025 7:00,6/21/2025 1:00,6/21/2025 2:00,6/21/2025,2,57798.79126,14766.36875,19493.34127,14097.78796,9441.293278
6/21/2025 8:00,6/21/2025 2:00,6/21/2025 3:00,6/21/2025,3,55470.46045,14276.88369,18360.48347,13508.60484,9324.488451
6/21/2025 9:00,6/21/2025 3:00,6/21/2025 4:00,6/21/2025,4,54101.09998,14067.19785,17670.84704,13088.98235,9274.072731
6/21/2025 10:00,6/21/2025 4:00,6/21/2025 5:00,6/21/2025,5,52995.52063,13807.79103,17230.61895,12757.36882,9199.741833
6/21/2025 11:00,6/21/2025 5:00,6/21/2025 6:00,6/21/2025,6,52309.57971,13641.79624,16847.11784,12689.77898,9130.886658
6/21/2025 12:00,6/21/2025 6:00,6/21/2025 7:00,6/21/2025,7,51823.55981,13549.52682,16669.46571,12570.90293,9033.664354
6/21/2025 13:00,6/21/2025 7:00,6/21/2025 8:00,6/21/2025,8,52946.30054,13968.94086,17044.15274,12785.78759,9147.419341
6/21/2025 14:00,6/21/2025 8:00,6/21/2025 9:00,6/21/2025,9,57528.3794,15193.83065,18757.07491,13823.99702,9753.47681
6/21/2025 15:00,6/21/2025 9:00,6/21/2025 10:00,6/21/2025,10,62038.41956,16131.68914,20584.18715,15010.38101,10312.16226
6/21/2025 16:00,6/21/2025 10:00,6/21/2025 11:00,6/21/2025,11,65207.44141,16860.61524,22175.66764,15968.53772,10202.6208
6/21/2025 17:00,6/21/2025 11:00,6/21/2025 12:00,6/21/2025,12,68678.41028,17642.66946,23699.70488,17121.33774,10214.6982
6/21/2025 18:00,6/21/2025 12:00,6/21/2025 13:00,6/21/2025,13,71870.15137,18222.88234,25171.65492,18074.18002,10401.43409
6/21/2025 19:00,6/21/2025 13:00,6/21/2025 14:00,6/21/2025,14,74626.79944,18932.50988,26337.3647,18839.13308,10517.79177
6/21/2025 20:00,6/21/2025 14:00,6/21/2025 15:00,6/21/2025,15,76692.66907,19474.97406,27185.98474,19414.25168,10617.45859
6/21/2025 21:00,6/21/2025 15:00,6/21/2025 16:00,6/21/2025,16,77627.6311,19718.11459,27776.41323,19523.73862,10609.36466
6/21/2025 22:00,6/21/2025 16:00,6/21/2025 17:00,6/21/2025,17,78019.93958,19765.23496,28200.13646,19538.94083,10515.62734
6/21/2025 23:00,6/21/2025 17:00,6/21/2025 18:00,6/21/2025,18,77470.78894,19448.05737,28173.40523,19318.50847,10530.81787
6/22/2025 0:00,6/21/2025 18:00,6/21/2025 19:00,6/21/2025,19,75799.2605,18806.64019,27709.58298,19004.5921,10278.44524
6/22/2025 1:00,6/21/2025 19:00,6/21/2025 20:00,6/21/2025,20,73069.87024,18019.92018,26560.87523,18402.2773,10086.79753
6/22/2025 2:00,6/21/2025 20:00,6/21/2025 21:00,6/21/2025,21,70193.98865,17388.10404,25228.00491,17668.85581,9909.023884
6/22/2025 3:00,6/21/2025 21:00,6/21/2025 22:00,6/21/2025,22,68295.13184,16949.06423,24314.99557,17168.12364,9862.948387
6/22/2025 4:00,6/21/2025 22:00,6/21/2025 23:00,6/21/2025,23,65516.17029,16345.77961,23043.59651,16416.27855,9710.515612
6/22/2025 5:00,6/21/2025 23:00,6/22/2025 0:00,6/21/2025,24,62520.12061,15793.76348,21551.94834,15560.33038,9614.078405
6/22/2025 6:00,6/22/2025 0:00,6/22/2025 1:00,6/22/2025,1,60255.23071,15191.88616,20454.27947,15031.11048,9577.954612
6/22/2025 7:00,6/22/2025 1:00,6/22/2025 2:00,6/22/2025,2,57552.14941,14613.17788,19278.35481,14212.30491,9448.311815
6/22/2025 8:00,6/22/2025 2:00,6/22/2025 3:00,6/22/2025,3,55383.33972,14217.04279,18187.85717,13636.77444,9341.665318
6/22/2025 9:00,6/22/2025 3:00,6/22/2025 4:00,6/22/2025,4,53761.90918,13951.61662,17392.55022,13196.11946,9221.622889
6/22/2025 10:00,6/22/2025 4:00,6/22/2025 5:00,6/22/2025,5,52436.64978,13678.02158,16861.95365,12763.47011,9133.204447
6/22/2025 11:00,6/22/2025 5:00,6/22/2025 6:00,6/22/2025,6,51611.27014,13526.28799,16452.89927,12568.4859,9063.596981
6/22/2025 12:00,6/22/2025 6:00,6/22/2025 7:00,6/22/2025,7,50857.3302,13393.67878,16122.34741,12381.67563,8959.628385
6/22/2025 13:00,6/22/2025 7:00,6/22/2025 8:00,6/22/2025,8,51830.99023,13726.15757,16441.20574,12531.41381,9132.213107
6/22/2025 14:00,6/22/2025 8:00,6/22/2025 9:00,6/22/2025,9,56564.41956,14825.72482,18197.1805,13657.21645,9884.297791
6/22/2025 15:00,6/22/2025 9:00,6/22/2025 10:00,6/22/2025,10,60920.27014,15827.66409,19997.66143,14864.95505,10229.98958
6/22/2025 16:00,6/22/2025 10:00,6/22/2025 11:00,6/22/2025,11,64009.9093,16715.69157,21417.12264,15822.09159,10055.0035
6/22/2025 17:00,6/22/2025 11:00,6/22/2025 12:00,6/22/2025,12,67646.42932,17578.75205,22821.54533,17041.8959,10204.23604
6/22/2025 18:00,6/22/2025 12:00,6/22/2025 13:00,6/22/2025,13,70830.69995,18032.46032,24247.17514,18117.67765,10433.38684
6/22/2025 19:00,6/22/2025 13:00,6/22/2025 14:00,6/22/2025,14,73555.84998,18555.78766,25410.5422,19017.05291,10572.4672
6/22/2025 20:00,6/22/2025 14:00,6/22/2025 15:00,6/22/2025,15,75577.51953,18923.94215,26318.27142,19681.96296,10653.34301
6/22/2025 21:00,6/22/2025 15:00,6/22/2025 16:00,6/22/2025,16,76349.70862,18913.87495,26961.19774,19865.03401,10609.60192
6/22/2025 22:00,6/22/2025 16:00,6/22/2025 17:00,6/22/2025,17,77083.02954,18808.86099,27652.63577,20064.21071,10557.32207
6/22/2025 23:00,6/22/2025 17:00,6/22/2025 18:00,6/22/2025,18,76997.78894,18595.66207,27937.52154,19858.77799,10605.82735
6/23/2025 0:00,6/22/2025 18:00,6/22/2025 19:00,6/22/2025,19,75766.65051,18258.93969,27611.35028,19603.50984,10292.8507
6/23/2025 1:00,6/22/2025 19:00,6/22/2025 20:00,6/22/2025,20,73336.9502,17699.5975,26573.13013,18973.94476,10090.2778
6/23/2025 2:00,6/22/2025 20:00,6/22/2025 21:00,6/22/2025,21,70594.68005,17125.03904,25308.25843,18282.57735,9878.805239
6/23/2025 3:00,6/22/2025 21:00,6/22/2025 22:00,6/22/2025,22,68737.42102,16718.26985,24417.37564,17768.40725,9833.368281
6/23/2025 4:00,6/22/2025 22:00,6/22/2025 23:00,6/22/2025,23,65438.00977,16070.98615,22960.94059,16784.1453,9621.93772
6/23/2025 5:00,6/22/2025 23:00,6/23/2025 0:00,6/22/2025,24,61845.02966,15399.81315,21255.58656,15630.4296,9559.200355
6/23/2025 6:00,6/23/2025 0:00,6/23/2025 1:00,6/23/2025,1,58368.17029,14696.27368,19518.64291,14682.50767,9470.746037
6/23/2025 7:00,6/23/2025 1:00,6/23/2025 2:00,6/23/2025,2,55718.65991,14196.4155,18303.24637,13869.26435,9349.733696
6/23/2025 8:00,6/23/2025 2:00,6/23/2025 3:00,6/23/2025,3,53864.32971,13852.0138,17421.81286,13239.83531,9350.667739
6/23/2025 9:00,6/23/2025 3:00,6/23/2025 4:00,6/23/2025,4,52746.97925,13746.14835,16839.88418,12884.20763,9276.739079
6/23/2025 10:00,6/23/2025 4:00,6/23/2025 5:00,6/23/2025,5,52282.15002,13685.99792,16600.74365,12713.77962,9281.628838
6/23/2025 11:00,6/23/2025 5:00,6/23/2025 6:00,6/23/2025,6,52909.24036,13903.21625,16915.33773,12873.06102,9217.625352
6/23/2025 12:00,6/23/2025 6:00,6/23/2025 7:00,6/23/2025,7,53937.58057,14121.36513,17376.61724,13201.96937,9237.628821
6/23/2025 13:00,6/23/2025 7:00,6/23/2025 8:00,6/23/2025,8,55568.31946,14589.36527,18064.91309,13642.37638,9271.664715
6/23/2025 14:00,6/23/2025 8:00,6/23/2025 9:00,6/23/2025,9,59694.05078,15701.71088,19494.48459,14493.1331,10004.72222
6/23/2025 15:00,6/23/2025 9:00,6/23/2025 10:00,6/23/2025,10,64242.66089,16870.37605,21167.46507,15609.51563,10595.30414
6/23/2025 16:00,6/23/2025 10:00,6/23/2025 11:00,6/23/2025,11,67995.62048,17843.85193,22777.35849,16642.02195,10732.38811
6/23/2025 17:00,6/23/2025 11:00,6/23/2025 12:00,6/23/2025,12,71449.79163,18644.94724,24483.89897,17664.84428,10656.10114
6/23/2025 18:00,6/23/2025 12:00,6/23/2025 13:00,6/23/2025,13,74656.00159,19237.83144,26151.80983,18565.73287,10700.62746
6/23/2025 19:00,6/23/2025 13:00,6/23/2025 14:00,6/23/2025,14,77532.49072,19874.51065,27562.29227,19333.75149,10761.93632
6/23/2025 20:00,6/23/2025 14:00,6/23/2025 15:00,6/23/2025,15,79170.52905,20096.79926,28484.55369,19833.66611,10755.50999
6/23/2025 21:00,6/23/2025 15:00,6/23/2025 16:00,6/23/2025,16,79659.37024,19812.65728,28993.87484,20097.32735,10755.51077
6/23/2025 22:00,6/23/2025 16:00,6/23/2025 17:00,6/23/2025,17,79658.82056,19617.19531,29219.61566,20226.85387,10595.15571
6/23/2025 23:00,6/23/2025 17:00,6/23/2025 18:00,6/23/2025,18,78970.40979,19250.63749,29101.16451,20200.89496,10417.71283
6/24/2025 0:00,6/23/2025 18:00,6/23/2025 19:00,6/23/2025,19,77792.98169,18708.24778,28656.11156,20134.11596,10294.5064
6/24/2025 1:00,6/23/2025 19:00,6/23/2025 20:00,6/23/2025,20,75570.24109,18087.81654,27659.64746,19678.80625,10143.97084
6/24/2025 2:00,6/23/2025 20:00,6/23/2025 21:00,6/23/2025,21,72396.53955,17548.3902,26199.63094,18889.74608,9758.772331
6/24/2025 3:00,6/23/2025 21:00,6/23/2025 22:00,6/23/2025,22,70495.39063,17183.20591,25268.75216,18251.32893,9792.103629
6/24/2025 4:00,6/23/2025 22:00,6/23/2025 23:00,6/23/2025,23,66799.1189,16366.02625,23650.31657,17088.11449,9694.661584
6/24/2025 5:00,6/23/2025 23:00,6/24/2025 0:00,6/23/2025,24,62675.90039,15489.42441,21793.70467,15751.13817,9641.633149
6/24/2025 6:00,6/24/2025 0:00,6/24/2025 1:00,6/24/2025,1,58985.28955,14521.3096,20100.88902,14783.91524,9579.175691
6/24/2025 7:00,6/24/2025 1:00,6/24/2025 2:00,6/24/2025,2,55931.44067,13971.94918,18719.43233,13883.8661,9356.193063
6/24/2025 8:00,6/24/2025 2:00,6/24/2025 3:00,6/24/2025,3,53845.48035,13484.24053,17749.07813,13259.68707,9352.474616
6/24/2025 9:00,6/24/2025 3:00,6/24/2025 4:00,6/24/2025,4,52445.96936,13318.36098,17033.49335,12849.53764,9244.577388
6/24/2025 10:00,6/24/2025 4:00,6/24/2025 5:00,6/24/2025,5,51791.14954,13284.96267,16682.98437,12613.28464,9209.917851
6/24/2025 11:00,6/24/2025 5:00,6/24/2025 6:00,6/24/2025,6,52305.55066,13495.90975,16883.77788,12781.19281,9144.670224
6/24/2025 12:00,6/24/2025 6:00,6/24/2025 7:00,6/24/2025,7,53385.68042,13756.89728,17252.13002,13184.74384,9191.909282
6/24/2025 13:00,6/24/2025 7:00,6/24/2025 8:00,6/24/2025,8,55058.68921,14200.24821,17890.13705,13669.70496,9298.59899
6/24/2025 14:00,6/24/2025 8:00,6/24/2025 9:00,6/24/2025,9,59072.51917,15297.42707,19445.81105,14514.41523,9814.865816
6/24/2025 15:00,6/24/2025 9:00,6/24/2025 10:00,6/24/2025,10,63071.91943,16299.67694,21011.62955,15431.38578,10329.22717
6/24/2025 16:00,6/24/2025 10:00,6/24/2025 11:00,6/24/2025,11,66590.49158,17242.47384,22548.34027,16369.83127,10429.8462
6/24/2025 17:00,6/24/2025 11:00,6/24/2025 12:00,6/24/2025,12,70198.36047,18074.27813,24272.77582,17330.34385,10520.96267
6/24/2025 18:00,6/24/2025 12:00,6/24/2025 13:00,6/24/2025,13,73463.5791,18680.96815,25917.29423,18217.3596,10647.95713
6/24/2025 19:00,6/24/2025 13:00,6/24/2025 14:00,6/24/2025,14,76438.35962,19322.80389,27445.95878,18929.45197,10740.14498
6/24/2025 20:00,6/24/2025 14:00,6/24/2025 15:00,6/24/2025,15,77779.70874,19612.34025,28311.0945,19306.40602,10549.86798
6/24/2025 21:00,6/24/2025 15:00,6/24/2025 16:00,6/24/2025,16,78092.42041,19548.81658,28743.34388,19351.42126,10448.83869
6/24/2025 22:00,6/24/2025 16:00,6/24/2025 17:00,6/24/2025,17,77778.54932,19278.66545,28886.69514,19305.36774,10307.82099
6/24/2025 23:00,6/24/2025 17:00,6/24/2025 18:00,6/24/2025,18,76767.51025,18658.72574,28698.47465,19128.72615,10281.58372
6/25/2025 0:00,6/24/2025 18:00,6/24/2025 19:00,6/24/2025,19,75579.60071,17995.2313,28336.39423,18958.57652,10289.39867
6/25/2025 1:00,6/24/2025 19:00,6/24/2025 20:00,6/24/2025,20,73631.37976,17390.76488,27397.42132,18634.64718,10208.54638
6/25/2025 2:00,6/24/2025 20:00,6/24/2025 21:00,6/24/2025,21,71208.09021,16931.34553,26156.22783,17986.04752,10134.46932
6/25/2025 3:00,6/24/2025 21:00,6/24/2025 22:00,6/24/2025,22,69152.09961,16492.693,25193.33124,17391.03218,10075.04319
6/25/2025 4:00,6/24/2025 22:00,6/24/2025 23:00,6/24/2025,23,65545.53919,15730.15481,23502.72164,16369.35797,9943.304762
6/25/2025 5:00,6/24/2025 23:00,6/25/2025 0:00,6/24/2025,24,61651.93958,14940.8123,21690.85162,15234.32382,9785.951849
